Date,Storm Name,Latitude,Longitude,Avg. Wind speed (kt)
12/24/2012 12:00:00 AM,WUKONG,7.8,132.6,0
12/24/2012 6:00:00 AM,WUKONG,9,131.7,0
12/24/2012 12:00:00 PM,WUKONG,9.3,130.9,0
12/24/2012 6:00:00 PM,WUKONG,9.7,130,0
12/25/2012 12:00:00 AM,WUKONG,10.1,128.8,35
12/25/2012 6:00:00 AM,WUKONG,10.2,127.2,40
12/25/2012 12:00:00 PM,WUKONG,10.4,126.3,40
12/25/2012 6:00:00 PM,WUKONG,10.6,124.7,40
12/26/2012 12:00:00 AM,WUKONG,10.4,123.3,35
12/26/2012 6:00:00 AM,WUKONG,10.2,122,35
12/26/2012 12:00:00 PM,WUKONG,10,120.4,35
12/26/2012 6:00:00 PM,WUKONG,10.5,119,35
12/27/2012 12:00:00 AM,WUKONG,10.3,117.4,35
12/27/2012 6:00:00 AM,WUKONG,10.2,115.9,35
12/27/2012 12:00:00 PM,WUKONG,10.1,114.8,35
12/27/2012 6:00:00 PM,WUKONG,10.1,113.6,35
12/28/2012 12:00:00 AM,WUKONG,9.7,112.5,35
12/28/2012 6:00:00 AM,WUKONG,8.7,111,0
12/28/2012 12:00:00 PM,WUKONG,8.2,109.8,0
12/28/2012 6:00:00 PM,WUKONG,7.7,108.4,0
12/29/2012 12:00:00 AM,WUKONG,7.4,107.3,0
12/29/2012 6:00:00 AM,WUKONG,7,106,0
12/29/2012 12:00:00 PM,WUKONG,7.1,104.9,0
7/18/2012 12:00:00 PM,VICENTE,15,128.6,0
7/18/2012 6:00:00 PM,VICENTE,15,127.6,0
7/19/2012 12:00:00 AM,VICENTE,15.1,126.9,0
7/19/2012 6:00:00 AM,VICENTE,15.3,126.2,0
7/19/2012 12:00:00 PM,VICENTE,15.5,125.6,0
7/19/2012 6:00:00 PM,VICENTE,15.8,124.9,0
7/20/2012 12:00:00 AM,VICENTE,16.2,124.3,0
7/20/2012 6:00:00 AM,VICENTE,17.1,123.4,0
7/20/2012 12:00:00 PM,VICENTE,18.5,122.7,0
7/20/2012 6:00:00 PM,VICENTE,19,120.5,0
7/21/2012 12:00:00 AM,VICENTE,18.7,118.6,0
7/21/2012 6:00:00 AM,VICENTE,18.7,117.6,0
7/21/2012 12:00:00 PM,VICENTE,18.8,116.6,35
7/21/2012 6:00:00 PM,VICENTE,18.8,115.7,40
7/22/2012 12:00:00 AM,VICENTE,18.8,115.3,45
7/22/2012 6:00:00 AM,VICENTE,18.7,115.1,45
7/22/2012 12:00:00 PM,VICENTE,18.8,115.1,45
7/22/2012 6:00:00 PM,VICENTE,19.2,115.3,50
7/23/2012 12:00:00 AM,VICENTE,19.7,115.2,50
7/23/2012 6:00:00 AM,VICENTE,20.5,114.8,60
7/23/2012 12:00:00 PM,VICENTE,21,114.2,70
7/23/2012 6:00:00 PM,VICENTE,21.7,113.4,80
7/24/2012 12:00:00 AM,VICENTE,22.3,112.1,60
7/24/2012 6:00:00 AM,VICENTE,23,110.5,50
7/24/2012 12:00:00 PM,VICENTE,23.3,108.7,40
7/24/2012 6:00:00 PM,VICENTE,23.1,107.1,0
7/25/2012 12:00:00 AM,VICENTE,22.9,105.5,0
7/25/2012 6:00:00 AM,VICENTE,22.6,104.3,0
8/17/2012 6:00:00 AM,TEMBIN,21.4,125.9,0
8/17/2012 12:00:00 PM,TEMBIN,20.8,125.7,0
8/17/2012 6:00:00 PM,TEMBIN,19.9,125.9,0
8/18/2012 12:00:00 AM,TEMBIN,19,126,0
8/18/2012 6:00:00 AM,TEMBIN,18.7,125.8,0
8/18/2012 12:00:00 PM,TEMBIN,18.3,125.4,0
8/18/2012 6:00:00 PM,TEMBIN,17.8,125,0
8/19/2012 12:00:00 AM,TEMBIN,17.6,124.8,0
8/19/2012 6:00:00 AM,TEMBIN,17.4,124.8,35
8/19/2012 12:00:00 PM,TEMBIN,17.6,124.7,40
8/19/2012 6:00:00 PM,TEMBIN,17.7,124.6,45
8/20/2012 12:00:00 AM,TEMBIN,18,124.8,55
8/20/2012 6:00:00 AM,TEMBIN,18.4,124.9,70
8/20/2012 12:00:00 PM,TEMBIN,18.8,125.2,80
8/20/2012 6:00:00 PM,TEMBIN,19.5,125.3,80
8/21/2012 12:00:00 AM,TEMBIN,20.2,125.4,80
8/21/2012 6:00:00 AM,TEMBIN,21.1,125.4,80
8/21/2012 12:00:00 PM,TEMBIN,21.7,125.2,80
8/21/2012 6:00:00 PM,TEMBIN,22.1,125,75
8/22/2012 12:00:00 AM,TEMBIN,22.4,124.5,70
8/22/2012 6:00:00 AM,TEMBIN,22.4,124.3,70
8/22/2012 12:00:00 PM,TEMBIN,22.5,124.2,70
8/22/2012 6:00:00 PM,TEMBIN,22.5,123.9,70
8/23/2012 12:00:00 AM,TEMBIN,22.5,123.6,80
8/23/2012 6:00:00 AM,TEMBIN,22.6,123.1,80
8/23/2012 12:00:00 PM,TEMBIN,22.7,122.5,80
8/23/2012 6:00:00 PM,TEMBIN,22.4,121.3,75
8/24/2012 12:00:00 AM,TEMBIN,22.1,120.5,65
8/24/2012 6:00:00 AM,TEMBIN,22.3,119.7,65
8/24/2012 12:00:00 PM,TEMBIN,22.4,119.3,65
8/24/2012 6:00:00 PM,TEMBIN,22.5,118.7,65
8/25/2012 12:00:00 AM,TEMBIN,22.5,118.4,65
8/25/2012 6:00:00 AM,TEMBIN,22.3,117.8,65
8/25/2012 12:00:00 PM,TEMBIN,21.9,117.1,65
8/25/2012 6:00:00 PM,TEMBIN,21.4,116.7,65
8/26/2012 12:00:00 AM,TEMBIN,21.1,116.7,65
8/26/2012 6:00:00 AM,TEMBIN,20.8,116.7,70
8/26/2012 12:00:00 PM,TEMBIN,20.5,116.9,70
8/26/2012 6:00:00 PM,TEMBIN,20.4,117.4,70
8/27/2012 12:00:00 AM,TEMBIN,20.2,118,70
8/27/2012 6:00:00 AM,TEMBIN,20.7,118.6,70
8/27/2012 12:00:00 PM,TEMBIN,21.4,119.9,70
8/27/2012 6:00:00 PM,TEMBIN,21.8,120.9,70
8/28/2012 12:00:00 AM,TEMBIN,22.8,122,65
8/28/2012 3:00:00 AM,TEMBIN,23.3,122.4,65
8/28/2012 6:00:00 AM,TEMBIN,23.9,122.8,65
8/28/2012 9:00:00 AM,TEMBIN,24.7,123.2,65
8/28/2012 12:00:00 PM,TEMBIN,25.1,123.6,60
8/28/2012 3:00:00 PM,TEMBIN,25.6,123.6,60
8/28/2012 6:00:00 PM,TEMBIN,26.2,123.7,55
8/29/2012 12:00:00 AM,TEMBIN,27.1,123.8,55
8/29/2012 6:00:00 AM,TEMBIN,28.8,124.2,55
8/29/2012 12:00:00 PM,TEMBIN,30.5,124.9,55
8/29/2012 6:00:00 PM,TEMBIN,32.3,125,55
8/30/2012 12:00:00 AM,TEMBIN,33.8,126.6,50
8/30/2012 6:00:00 AM,TEMBIN,36,128,45
8/30/2012 12:00:00 PM,TEMBIN,36.5,129.4,0
8/30/2012 6:00:00 PM,TEMBIN,38.4,131.2,0
8/31/2012 12:00:00 AM,TEMBIN,38.5,131.4,0
8/31/2012 6:00:00 AM,TEMBIN,38.6,131.9,0
8/31/2012 12:00:00 PM,TEMBIN,38.6,132.2,0
8/31/2012 6:00:00 PM,TEMBIN,39.2,132.2,0
9/1/2012 12:00:00 AM,TEMBIN,39.2,132.2,0
6/16/2012 6:00:00 AM,TALIM,19,112.1,0
6/16/2012 12:00:00 PM,TALIM,19.2,112.1,0
6/16/2012 6:00:00 PM,TALIM,19.5,111.8,0
6/17/2012 12:00:00 AM,TALIM,19.4,111.2,0
6/17/2012 6:00:00 AM,TALIM,18.8,111.2,35
6/17/2012 12:00:00 PM,TALIM,18.6,111.5,35
6/17/2012 6:00:00 PM,TALIM,18.5,111.9,40
6/18/2012 12:00:00 AM,TALIM,18.6,112.3,40
6/18/2012 6:00:00 AM,TALIM,18.8,112.8,40
6/18/2012 12:00:00 PM,TALIM,19.2,113.4,40
6/18/2012 6:00:00 PM,TALIM,19.3,114.1,40
6/19/2012 12:00:00 AM,TALIM,19.6,114.9,45
6/19/2012 6:00:00 AM,TALIM,20,115.6,50
6/19/2012 12:00:00 PM,TALIM,20.8,116.4,50
6/19/2012 6:00:00 PM,TALIM,21.8,116.8,50
6/20/2012 12:00:00 AM,TALIM,22.7,117.8,45
6/20/2012 6:00:00 AM,TALIM,23.5,118.9,40
6/20/2012 12:00:00 PM,TALIM,24.2,120.2,35
6/20/2012 6:00:00 PM,TALIM,24.7,121.4,0
10/21/2012 12:00:00 PM,SON-TINH,6.4,135,0
10/21/2012 6:00:00 PM,SON-TINH,6.9,133.7,0
10/22/2012 12:00:00 AM,SON-TINH,7.4,133.4,0
10/22/2012 6:00:00 AM,SON-TINH,8,132.7,0
10/22/2012 12:00:00 PM,SON-TINH,8.6,131.9,0
10/22/2012 6:00:00 PM,SON-TINH,8.8,131,0
10/23/2012 12:00:00 AM,SON-TINH,8.4,130,0
10/23/2012 6:00:00 AM,SON-TINH,8,128.9,0
10/23/2012 12:00:00 PM,SON-TINH,8.3,128.1,35
10/23/2012 6:00:00 PM,SON-TINH,8.8,127.5,35
10/24/2012 12:00:00 AM,SON-TINH,10,126.3,35
10/24/2012 6:00:00 AM,SON-TINH,10.8,124.9,35
10/24/2012 12:00:00 PM,SON-TINH,11.4,123.9,35
10/24/2012 6:00:00 PM,SON-TINH,11.9,122.3,40
10/25/2012 12:00:00 AM,SON-TINH,12.8,120.9,40
10/25/2012 6:00:00 AM,SON-TINH,14,119.6,40
10/25/2012 12:00:00 PM,SON-TINH,14.4,117.6,40
10/25/2012 6:00:00 PM,SON-TINH,14.4,116.8,40
10/26/2012 12:00:00 AM,SON-TINH,14.6,115.6,45
10/26/2012 6:00:00 AM,SON-TINH,14.9,114.8,55
10/26/2012 12:00:00 PM,SON-TINH,15.5,113.6,55
10/26/2012 6:00:00 PM,SON-TINH,16.1,112.2,60
10/27/2012 12:00:00 AM,SON-TINH,16.5,111,60
10/27/2012 6:00:00 AM,SON-TINH,17,109.7,70
10/27/2012 12:00:00 PM,SON-TINH,17.5,108.9,85
10/27/2012 6:00:00 PM,SON-TINH,18.1,107.8,80
10/28/2012 12:00:00 AM,SON-TINH,18.4,107.5,75
10/28/2012 6:00:00 AM,SON-TINH,19.2,107.1,70
10/28/2012 12:00:00 PM,SON-TINH,19.8,106.7,60
10/28/2012 6:00:00 PM,SON-TINH,20.7,106.6,45
10/29/2012 12:00:00 AM,SON-TINH,21.3,107,35
10/29/2012 6:00:00 AM,SON-TINH,21.5,107.1,0
10/29/2012 12:00:00 PM,SON-TINH,21.8,107.6,0
7/26/2012 6:00:00 PM,SAOLA,10.6,130.5,0
7/27/2012 12:00:00 AM,SAOLA,10.6,130,0
7/27/2012 6:00:00 AM,SAOLA,12,129.3,0
7/27/2012 12:00:00 PM,SAOLA,12.9,127.9,0
7/27/2012 6:00:00 PM,SAOLA,13.6,127.5,0
7/28/2012 12:00:00 AM,SAOLA,14.5,126.8,35
7/28/2012 6:00:00 AM,SAOLA,15.3,126.3,40
7/28/2012 12:00:00 PM,SAOLA,15.8,126,40
7/28/2012 6:00:00 PM,SAOLA,16.2,125.5,45
7/29/2012 12:00:00 AM,SAOLA,17,124.9,55
7/29/2012 6:00:00 AM,SAOLA,17.5,124.7,55
7/29/2012 12:00:00 PM,SAOLA,18.2,124.4,55
7/29/2012 6:00:00 PM,SAOLA,18.9,124.9,55
7/30/2012 12:00:00 AM,SAOLA,19.5,125.2,55
7/30/2012 6:00:00 AM,SAOLA,20.1,124.8,55
7/30/2012 12:00:00 PM,SAOLA,20.5,124.5,55
7/30/2012 6:00:00 PM,SAOLA,20.8,124,60
7/31/2012 12:00:00 AM,SAOLA,21,124.1,60
7/31/2012 6:00:00 AM,SAOLA,21.3,124.2,60
7/31/2012 12:00:00 PM,SAOLA,21.7,124.1,60
7/31/2012 3:00:00 PM,SAOLA,22,123.9,60
7/31/2012 6:00:00 PM,SAOLA,22.3,123.7,65
7/31/2012 9:00:00 PM,SAOLA,22.4,123.7,65
8/1/2012 12:00:00 AM,SAOLA,22.7,123.6,65
8/1/2012 3:00:00 AM,SAOLA,23,123.5,65
8/1/2012 6:00:00 AM,SAOLA,23.4,123.4,70
8/1/2012 9:00:00 AM,SAOLA,23.7,123.2,70
8/1/2012 12:00:00 PM,SAOLA,23.9,123,70
8/1/2012 3:00:00 PM,SAOLA,24,122.6,70
8/1/2012 6:00:00 PM,SAOLA,23.7,122.2,70
8/1/2012 9:00:00 PM,SAOLA,23.5,122.3,65
8/2/2012 12:00:00 AM,SAOLA,23.8,122.6,60
8/2/2012 3:00:00 AM,SAOLA,24.4,122.6,55
8/2/2012 6:00:00 AM,SAOLA,25,122.4,50
8/2/2012 9:00:00 AM,SAOLA,25.4,121.9,50
8/2/2012 12:00:00 PM,SAOLA,25.8,121.3,45
8/2/2012 6:00:00 PM,SAOLA,26.5,120.7,40
8/3/2012 12:00:00 AM,SAOLA,27,119.7,35
8/3/2012 6:00:00 AM,SAOLA,27.7,118.7,0
8/3/2012 12:00:00 PM,SAOLA,27.8,117.3,0
8/3/2012 6:00:00 PM,SAOLA,27.7,116.5,0
8/4/2012 12:00:00 AM,SAOLA,27.7,115.8,0
8/4/2012 6:00:00 AM,SAOLA,27.4,115,0
8/4/2012 12:00:00 PM,SAOLA,27.1,113.5,0
8/4/2012 6:00:00 PM,SAOLA,26.3,112.4,0
8/5/2012 12:00:00 AM,SAOLA,25.5,111.4,0
5/20/2012 6:00:00 PM,SANVU,10.5,148.5,0
5/21/2012 12:00:00 AM,SANVU,10.9,147.7,0
5/21/2012 6:00:00 AM,SANVU,11.4,146.7,0
5/21/2012 12:00:00 PM,SANVU,12.2,145.6,0
5/21/2012 6:00:00 PM,SANVU,12.7,144.8,0
5/22/2012 12:00:00 AM,SANVU,13.2,144,0
5/22/2012 6:00:00 AM,SANVU,13.9,143.3,35
5/22/2012 12:00:00 PM,SANVU,14.6,142.3,35
5/22/2012 6:00:00 PM,SANVU,15.4,141.5,40
5/23/2012 12:00:00 AM,SANVU,16.1,140.9,40
5/23/2012 6:00:00 AM,SANVU,16.7,140.5,40
5/23/2012 12:00:00 PM,SANVU,17.4,140,45
5/23/2012 6:00:00 PM,SANVU,18.1,139.7,45
5/24/2012 12:00:00 AM,SANVU,18.8,139.4,45
5/24/2012 6:00:00 AM,SANVU,19.6,139.1,50
5/24/2012 12:00:00 PM,SANVU,20.7,139,55
5/24/2012 6:00:00 PM,SANVU,21.4,139,60
5/25/2012 12:00:00 AM,SANVU,22.2,139.2,60
5/25/2012 6:00:00 AM,SANVU,23,139.6,60
5/25/2012 12:00:00 PM,SANVU,23.5,139.9,60
5/25/2012 6:00:00 PM,SANVU,23.9,140.4,60
5/26/2012 12:00:00 AM,SANVU,24.5,141.1,60
5/26/2012 6:00:00 AM,SANVU,24.8,142,60
5/26/2012 12:00:00 PM,SANVU,25.1,143.3,55
5/26/2012 6:00:00 PM,SANVU,25.4,144.6,50
5/27/2012 12:00:00 AM,SANVU,26.5,146,45
5/27/2012 6:00:00 AM,SANVU,27.5,147.1,45
5/27/2012 12:00:00 PM,SANVU,28.3,148.7,40
5/27/2012 6:00:00 PM,SANVU,29.5,150,0
5/28/2012 12:00:00 AM,SANVU,31,152,0
5/28/2012 6:00:00 AM,SANVU,31.4,153.3,0
5/28/2012 12:00:00 PM,SANVU,31.8,154.9,0
5/28/2012 6:00:00 PM,SANVU,32.6,157,0
5/29/2012 12:00:00 AM,SANVU,34,158.7,0
5/29/2012 6:00:00 AM,SANVU,34.6,160.7,0
5/29/2012 12:00:00 PM,SANVU,35.2,163,0
5/29/2012 6:00:00 PM,SANVU,35.4,164,0
5/30/2012 12:00:00 AM,SANVU,35.4,167.4,0
5/30/2012 6:00:00 AM,SANVU,35.7,169.1,0
5/30/2012 12:00:00 PM,SANVU,35.5,170.6,0
9/10/2012 12:00:00 AM,SANBA,8.7,134.7,0
9/10/2012 6:00:00 AM,SANBA,8.9,134.6,0
9/10/2012 12:00:00 PM,SANBA,9.2,134.5,0
9/10/2012 6:00:00 PM,SANBA,9.6,134.3,0
9/11/2012 12:00:00 AM,SANBA,10,134.1,35
9/11/2012 6:00:00 AM,SANBA,10.7,133.8,35
9/11/2012 12:00:00 PM,SANBA,11.4,133.3,40
9/11/2012 6:00:00 PM,SANBA,11.9,132.4,40
9/12/2012 12:00:00 AM,SANBA,12.5,131.6,45
9/12/2012 6:00:00 AM,SANBA,13,131.1,55
9/12/2012 12:00:00 PM,SANBA,13.7,130.6,70
9/12/2012 6:00:00 PM,SANBA,14,130.1,75
9/13/2012 12:00:00 AM,SANBA,14.8,129.8,85
9/13/2012 6:00:00 AM,SANBA,15.6,129.5,95
9/13/2012 12:00:00 PM,SANBA,16.3,129.6,105
9/13/2012 6:00:00 PM,SANBA,17.2,129.7,110
9/14/2012 12:00:00 AM,SANBA,18.1,129.7,110
9/14/2012 6:00:00 AM,SANBA,19.1,129.8,110
9/14/2012 12:00:00 PM,SANBA,20.2,129.8,100
9/14/2012 6:00:00 PM,SANBA,21.4,129.5,100
9/15/2012 12:00:00 AM,SANBA,22.3,129.1,100
9/15/2012 6:00:00 AM,SANBA,23.4,128.8,100
9/15/2012 9:00:00 AM,SANBA,24,128.7,100
9/15/2012 12:00:00 PM,SANBA,24.5,128.5,95
9/15/2012 3:00:00 PM,SANBA,25.1,128.2,95
9/15/2012 6:00:00 PM,SANBA,25.6,128.2,90
9/15/2012 9:00:00 PM,SANBA,26.4,128.2,90
9/15/2012 10:00:00 PM,SANBA,26.6,128.2,90
9/16/2012 12:00:00 AM,SANBA,27,128.1,90
9/16/2012 3:00:00 AM,SANBA,27.8,128.2,90
9/16/2012 6:00:00 AM,SANBA,28.8,128.1,90
9/16/2012 9:00:00 AM,SANBA,29.8,128.1,90
9/16/2012 12:00:00 PM,SANBA,30.6,127.9,90
9/16/2012 3:00:00 PM,SANBA,31.4,127.8,85
9/16/2012 6:00:00 PM,SANBA,32.2,127.9,85
9/16/2012 9:00:00 PM,SANBA,33,127.8,85
9/17/2012 12:00:00 AM,SANBA,34,127.9,75
9/17/2012 3:00:00 AM,SANBA,34.9,128,70
9/17/2012 6:00:00 AM,SANBA,36.3,128.5,55
9/17/2012 12:00:00 PM,SANBA,38.6,129.6,45
9/17/2012 6:00:00 PM,SANBA,40.9,130.6,45
9/18/2012 12:00:00 AM,SANBA,43.6,132.9,0
9/18/2012 6:00:00 AM,SANBA,45.8,134.6,0
9/18/2012 12:00:00 PM,SANBA,47.4,134.2,0
9/18/2012 6:00:00 PM,SANBA,48,135.1,0
10/5/2012 12:00:00 AM,PRAPIROON,14.5,144.5,0
10/5/2012 6:00:00 AM,PRAPIROON,14.8,143.4,0
10/5/2012 12:00:00 PM,PRAPIROON,15.1,142.3,0
10/5/2012 6:00:00 PM,PRAPIROON,15.6,141.6,0
10/6/2012 12:00:00 AM,PRAPIROON,16.3,140.8,0
10/6/2012 6:00:00 AM,PRAPIROON,16.9,140.4,0
10/6/2012 12:00:00 PM,PRAPIROON,17.3,139.9,0
10/6/2012 6:00:00 PM,PRAPIROON,17.7,139.1,0
10/7/2012 12:00:00 AM,PRAPIROON,17.7,138.3,0
10/7/2012 6:00:00 AM,PRAPIROON,17.8,137.3,0
10/7/2012 12:00:00 PM,PRAPIROON,17.8,136.6,35
10/7/2012 6:00:00 PM,PRAPIROON,17.8,136,40
10/8/2012 12:00:00 AM,PRAPIROON,17.9,135.5,50
10/8/2012 6:00:00 AM,PRAPIROON,18,135,55
10/8/2012 12:00:00 PM,PRAPIROON,18.4,133.9,55
10/8/2012 6:00:00 PM,PRAPIROON,18.1,133.3,65
10/9/2012 12:00:00 AM,PRAPIROON,17.7,132.5,65
10/9/2012 6:00:00 AM,PRAPIROON,17.6,132.1,65
10/9/2012 12:00:00 PM,PRAPIROON,18,132,65
10/9/2012 6:00:00 PM,PRAPIROON,18.2,131.7,70
10/10/2012 12:00:00 AM,PRAPIROON,18.3,130.9,70
10/10/2012 6:00:00 AM,PRAPIROON,18.6,130.4,80
10/10/2012 12:00:00 PM,PRAPIROON,18.6,130.1,80
10/10/2012 6:00:00 PM,PRAPIROON,18.9,129.5,80
10/11/2012 12:00:00 AM,PRAPIROON,19.1,129,80
10/11/2012 6:00:00 AM,PRAPIROON,19.5,128.6,80
10/11/2012 12:00:00 PM,PRAPIROON,19.5,128.4,90
10/11/2012 6:00:00 PM,PRAPIROON,19.5,128.4,90
10/12/2012 12:00:00 AM,PRAPIROON,19.6,128.5,90
10/12/2012 6:00:00 AM,PRAPIROON,19.9,128.9,90
10/12/2012 12:00:00 PM,PRAPIROON,20.1,129.3,90
10/12/2012 6:00:00 PM,PRAPIROON,20.4,129.6,80
10/13/2012 12:00:00 AM,PRAPIROON,20.7,129.8,80
10/13/2012 6:00:00 AM,PRAPIROON,21.1,129.9,75
10/13/2012 12:00:00 PM,PRAPIROON,21.4,129.8,75
10/13/2012 6:00:00 PM,PRAPIROON,21.5,130.4,75
10/14/2012 12:00:00 AM,PRAPIROON,22,130.8,75
10/14/2012 6:00:00 AM,PRAPIROON,22.4,130.9,75
10/14/2012 12:00:00 PM,PRAPIROON,22.6,131.4,75
10/14/2012 6:00:00 PM,PRAPIROON,22.8,131.4,70
10/15/2012 12:00:00 AM,PRAPIROON,22.8,131.2,70
10/15/2012 6:00:00 AM,PRAPIROON,22.6,131.2,70
10/15/2012 12:00:00 PM,PRAPIROON,22.4,131.1,70
10/15/2012 6:00:00 PM,PRAPIROON,22.3,130.5,65
10/16/2012 12:00:00 AM,PRAPIROON,21.8,130.1,60
10/16/2012 6:00:00 AM,PRAPIROON,21.4,129.5,60
10/16/2012 12:00:00 PM,PRAPIROON,21.7,128.9,60
10/16/2012 6:00:00 PM,PRAPIROON,22.5,128.6,55
10/17/2012 12:00:00 AM,PRAPIROON,23.2,128.3,55
10/17/2012 6:00:00 AM,PRAPIROON,24.2,128.7,55
10/17/2012 12:00:00 PM,PRAPIROON,24.9,129.5,55
10/17/2012 3:00:00 PM,PRAPIROON,25.5,130,55
10/17/2012 6:00:00 PM,PRAPIROON,25.9,130.5,55
10/17/2012 9:00:00 PM,PRAPIROON,26.6,131.1,55
10/18/2012 12:00:00 AM,PRAPIROON,27.3,131.8,50
10/18/2012 3:00:00 AM,PRAPIROON,27.7,132.8,50
10/18/2012 6:00:00 AM,PRAPIROON,28.5,134,50
10/18/2012 12:00:00 PM,PRAPIROON,30.2,136.4,50
10/18/2012 6:00:00 PM,PRAPIROON,31.3,139.3,50
10/19/2012 12:00:00 AM,PRAPIROON,32.5,142.5,50
10/19/2012 6:00:00 AM,PRAPIROON,32.7,145.9,50
10/19/2012 12:00:00 PM,PRAPIROON,34,149,0
10/19/2012 6:00:00 PM,PRAPIROON,33.1,151.9,0
10/20/2012 12:00:00 AM,PRAPIROON,33.3,155.4,0
10/20/2012 6:00:00 AM,PRAPIROON,33.4,157.9,0
10/20/2012 12:00:00 PM,PRAPIROON,33.6,160,0
10/20/2012 6:00:00 PM,PRAPIROON,33.6,162,0
10/21/2012 12:00:00 AM,PRAPIROON,33.3,163.4,0
10/21/2012 6:00:00 AM,PRAPIROON,33.3,164.6,0
10/21/2012 12:00:00 PM,PRAPIROON,33.5,165.4,0
10/21/2012 6:00:00 PM,PRAPIROON,35.2,167.4,0
10/22/2012 12:00:00 AM,PRAPIROON,37.6,169.5,0
10/22/2012 6:00:00 AM,PRAPIROON,41.3,172.6,0
10/22/2012 12:00:00 PM,PRAPIROON,45.7,173.8,0
10/22/2012 6:00:00 PM,PRAPIROON,47.8,175.7,0
10/23/2012 12:00:00 AM,PRAPIROON,49.4,176.9,0
10/23/2012 6:00:00 AM,PRAPIROON,50.4,177.6,0
10/23/2012 12:00:00 PM,PRAPIROON,51,178.8,0
3/26/2012 12:00:00 AM,PAKHAR,9.5,115.7,0
3/26/2012 6:00:00 AM,PAKHAR,9.5,115.4,0
3/26/2012 12:00:00 PM,PAKHAR,9.5,115.1,0
3/26/2012 6:00:00 PM,PAKHAR,9.4,114.8,0
3/27/2012 12:00:00 AM,PAKHAR,9.4,114.5,0
3/27/2012 6:00:00 AM,PAKHAR,9.4,114.3,0
3/27/2012 12:00:00 PM,PAKHAR,9.4,114,0
3/27/2012 6:00:00 PM,PAKHAR,9.4,113.7,0
3/28/2012 12:00:00 AM,PAKHAR,9.4,113.4,0
3/28/2012 6:00:00 AM,PAKHAR,9.3,113.1,0
3/28/2012 12:00:00 PM,PAKHAR,9.3,112.8,0
3/28/2012 6:00:00 PM,PAKHAR,9.4,112.5,0
3/29/2012 12:00:00 AM,PAKHAR,9.6,112.3,0
3/29/2012 6:00:00 AM,PAKHAR,9.7,112,0
3/29/2012 12:00:00 PM,PAKHAR,9.7,111.8,35
3/29/2012 6:00:00 PM,PAKHAR,9.7,111.6,35
3/30/2012 12:00:00 AM,PAKHAR,9.7,111.3,40
3/30/2012 6:00:00 AM,PAKHAR,9.7,111,40
3/30/2012 12:00:00 PM,PAKHAR,9.7,110.7,40
3/30/2012 6:00:00 PM,PAKHAR,9.7,110.4,40
3/31/2012 12:00:00 AM,PAKHAR,9.7,110,40
3/31/2012 6:00:00 AM,PAKHAR,9.8,109.5,40
3/31/2012 12:00:00 PM,PAKHAR,9.9,109.1,40
3/31/2012 6:00:00 PM,PAKHAR,9.9,108.7,40
4/1/2012 12:00:00 AM,PAKHAR,10,108.3,40
4/1/2012 6:00:00 AM,PAKHAR,10,107.8,40
4/1/2012 12:00:00 PM,PAKHAR,10.5,107.4,35
4/1/2012 6:00:00 PM,PAKHAR,11,107,35
4/2/2012 12:00:00 AM,PAKHAR,11.5,106.5,0
4/2/2012 6:00:00 AM,PAKHAR,12,106.1,0
5/31/2012 6:00:00 PM,MAWAR,13.9,127.3,0
6/1/2012 12:00:00 AM,MAWAR,14.3,126.3,0
6/1/2012 6:00:00 AM,MAWAR,14.9,125.5,0
6/1/2012 12:00:00 PM,MAWAR,15.4,125.1,0
6/1/2012 6:00:00 PM,MAWAR,16,124.8,35
6/2/2012 12:00:00 AM,MAWAR,16.6,124.3,45
6/2/2012 6:00:00 AM,MAWAR,17.1,124.3,50
6/2/2012 12:00:00 PM,MAWAR,17.6,124.5,55
6/2/2012 6:00:00 PM,MAWAR,18.1,124.7,55
6/3/2012 12:00:00 AM,MAWAR,18.6,125,55
6/3/2012 6:00:00 AM,MAWAR,19.3,125.4,60
6/3/2012 12:00:00 PM,MAWAR,20,125.7,65
6/3/2012 6:00:00 PM,MAWAR,20.8,125.7,75
6/4/2012 12:00:00 AM,MAWAR,21.5,126.2,75
6/4/2012 6:00:00 AM,MAWAR,22.6,126.7,75
6/4/2012 12:00:00 PM,MAWAR,23.3,127.7,70
6/4/2012 3:00:00 PM,MAWAR,23.6,128.3,70
6/4/2012 6:00:00 PM,MAWAR,24.6,129,70
6/4/2012 9:00:00 PM,MAWAR,25.4,129.7,70
6/5/2012 12:00:00 AM,MAWAR,26,130.4,65
6/5/2012 3:00:00 AM,MAWAR,26.6,131.3,65
6/5/2012 6:00:00 AM,MAWAR,27.4,132.3,60
6/5/2012 12:00:00 PM,MAWAR,28.5,134.8,60
6/5/2012 6:00:00 PM,MAWAR,29.8,137.6,55
6/6/2012 12:00:00 AM,MAWAR,31.4,141.3,55
6/6/2012 6:00:00 AM,MAWAR,33.3,145.5,0
6/6/2012 12:00:00 PM,MAWAR,35.6,147.4,0
6/6/2012 6:00:00 PM,MAWAR,37.6,149.8,0
6/7/2012 12:00:00 AM,MAWAR,39,151.4,0
6/7/2012 6:00:00 AM,MAWAR,40.1,152.4,0
6/7/2012 12:00:00 PM,MAWAR,40.8,153.5,0
6/7/2012 6:00:00 PM,MAWAR,41.2,155.5,0
6/8/2012 12:00:00 AM,MAWAR,41.5,157.4,0
6/8/2012 6:00:00 AM,MAWAR,42,159.9,0
6/8/2012 12:00:00 PM,MAWAR,42.7,161.9,0
6/8/2012 6:00:00 PM,MAWAR,43.7,164.2,0
6/9/2012 12:00:00 AM,MAWAR,44.2,166.3,0
6/9/2012 6:00:00 AM,MAWAR,45.8,168.2,0
6/9/2012 12:00:00 PM,MAWAR,47.4,169.5,0
6/9/2012 6:00:00 PM,MAWAR,48.6,170.1,0
6/10/2012 12:00:00 AM,MAWAR,49.9,170.9,0
6/10/2012 6:00:00 AM,MAWAR,51.5,170,0
6/10/2012 12:00:00 PM,MAWAR,52,169.4,0
6/10/2012 6:00:00 PM,MAWAR,52.3,168.8,0
6/11/2012 12:00:00 AM,MAWAR,52.2,168.9,0
6/11/2012 6:00:00 AM,MAWAR,52.9,170.5,0
6/11/2012 12:00:00 PM,MAWAR,53.3,171.4,0
6/11/2012 6:00:00 PM,MAWAR,53.5,170.7,0
6/12/2012 12:00:00 AM,MAWAR,54,169.8,0
6/12/2012 6:00:00 AM,MAWAR,54.2,170,0
6/12/2012 12:00:00 PM,MAWAR,53.7,168.6,0
6/12/2012 6:00:00 PM,MAWAR,53.9,168.2,0
6/13/2012 12:00:00 AM,MAWAR,55.1,168.2,0
10/12/2012 6:00:00 PM,MARIA,16.1,147.2,0
10/13/2012 12:00:00 AM,MARIA,16.2,146.8,0
10/13/2012 6:00:00 AM,MARIA,16.3,146.1,0
10/13/2012 12:00:00 PM,MARIA,16.5,145.5,0
10/13/2012 6:00:00 PM,MARIA,16.9,145.2,0
10/14/2012 12:00:00 AM,MARIA,17.4,144.6,0
10/14/2012 6:00:00 AM,MARIA,17.5,143.7,35
10/14/2012 12:00:00 PM,MARIA,17.9,143.1,40
10/14/2012 6:00:00 PM,MARIA,18.6,142.4,45
10/15/2012 12:00:00 AM,MARIA,19.3,141.7,50
10/15/2012 6:00:00 AM,MARIA,20.7,141.2,50
10/15/2012 12:00:00 PM,MARIA,22.7,141.1,50
10/15/2012 6:00:00 PM,MARIA,24.3,140.5,50
10/16/2012 12:00:00 AM,MARIA,25.4,140.7,45
10/16/2012 6:00:00 AM,MARIA,26.7,140.8,45
10/16/2012 12:00:00 PM,MARIA,27.4,141.1,45
10/16/2012 6:00:00 PM,MARIA,28.3,142.2,45
10/17/2012 12:00:00 AM,MARIA,28.8,143.5,45
10/17/2012 6:00:00 AM,MARIA,29.5,144.7,45
10/17/2012 12:00:00 PM,MARIA,30.1,146.4,45
10/17/2012 6:00:00 PM,MARIA,31,148.5,45
10/18/2012 12:00:00 AM,MARIA,31.4,150.5,45
10/18/2012 6:00:00 AM,MARIA,32,152.8,45
10/18/2012 12:00:00 PM,MARIA,31.9,154.9,40
10/18/2012 6:00:00 PM,MARIA,31.7,156.2,35
10/19/2012 12:00:00 AM,MARIA,31.5,157.4,0
10/19/2012 6:00:00 AM,MARIA,31.2,158.6,0
10/19/2012 12:00:00 PM,MARIA,31.2,159.6,0
10/19/2012 6:00:00 PM,MARIA,31.7,160.4,0
10/20/2012 12:00:00 AM,MARIA,32.2,161.1,0
9/29/2012 12:00:00 PM,MALIKSI,12.8,151,0
9/29/2012 6:00:00 PM,MALIKSI,13.5,150.6,0
9/30/2012 12:00:00 AM,MALIKSI,13.9,150,0
9/30/2012 6:00:00 AM,MALIKSI,14.3,149.6,0
9/30/2012 12:00:00 PM,MALIKSI,16,148.9,0
9/30/2012 6:00:00 PM,MALIKSI,16.4,147.7,0
10/1/2012 12:00:00 AM,MALIKSI,17.1,146.9,0
10/1/2012 6:00:00 AM,MALIKSI,17.9,146.2,35
10/1/2012 12:00:00 PM,MALIKSI,19.3,145.3,40
10/1/2012 6:00:00 PM,MALIKSI,19.5,144.2,40
10/2/2012 12:00:00 AM,MALIKSI,20.3,143.6,40
10/2/2012 6:00:00 AM,MALIKSI,20.9,142.6,40
10/2/2012 12:00:00 PM,MALIKSI,21.3,142.3,40
10/2/2012 6:00:00 PM,MALIKSI,22.4,141.4,45
10/3/2012 12:00:00 AM,MALIKSI,24.5,140.9,50
10/3/2012 3:00:00 AM,MALIKSI,25.4,141,50
10/3/2012 6:00:00 AM,MALIKSI,26,141.6,50
10/3/2012 9:00:00 AM,MALIKSI,27.1,142,50
10/3/2012 12:00:00 PM,MALIKSI,28.4,142,50
10/3/2012 6:00:00 PM,MALIKSI,30.9,141.8,50
10/4/2012 12:00:00 AM,MALIKSI,34.1,144,50
10/4/2012 6:00:00 AM,MALIKSI,37,146,0
10/4/2012 12:00:00 PM,MALIKSI,40,149.5,0
10/4/2012 6:00:00 PM,MALIKSI,42.5,152.8,0
10/5/2012 12:00:00 AM,MALIKSI,43.8,155.2,0
10/5/2012 6:00:00 AM,MALIKSI,44.9,157.1,0
10/5/2012 12:00:00 PM,MALIKSI,45.9,159.2,0
10/5/2012 6:00:00 PM,MALIKSI,45.8,162.2,0
10/6/2012 12:00:00 AM,MALIKSI,45.7,167,0
10/6/2012 6:00:00 AM,MALIKSI,45.3,172.1,0
10/6/2012 12:00:00 PM,MALIKSI,45.1,177.3,0
8/3/2012 6:00:00 AM,KIROGI,24,161.8,0
8/3/2012 12:00:00 PM,KIROGI,23.8,162.1,0
8/3/2012 6:00:00 PM,KIROGI,23.6,162.4,0
8/4/2012 12:00:00 AM,KIROGI,23.7,162.7,0
8/4/2012 6:00:00 AM,KIROGI,23.7,162.5,0
8/4/2012 12:00:00 PM,KIROGI,23.6,162.1,0
8/4/2012 6:00:00 PM,KIROGI,23.1,161.6,0
8/5/2012 12:00:00 AM,KIROGI,22.9,161.7,0
8/5/2012 6:00:00 AM,KIROGI,23.3,162.3,0
8/5/2012 12:00:00 PM,KIROGI,24.1,162.7,0
8/5/2012 6:00:00 PM,KIROGI,25.1,162.5,0
8/6/2012 12:00:00 AM,KIROGI,25.9,162.5,0
8/6/2012 6:00:00 AM,KIROGI,26.8,162.7,0
8/6/2012 12:00:00 PM,KIROGI,27.7,162.6,35
8/6/2012 6:00:00 PM,KIROGI,28.4,162.3,35
8/7/2012 12:00:00 AM,KIROGI,29,161.9,35
8/7/2012 6:00:00 AM,KIROGI,29.7,161.4,40
8/7/2012 12:00:00 PM,KIROGI,30.1,160.8,40
8/7/2012 6:00:00 PM,KIROGI,30.8,160.3,40
8/8/2012 12:00:00 AM,KIROGI,31.4,159.5,40
8/8/2012 6:00:00 AM,KIROGI,31.8,158.2,40
8/8/2012 12:00:00 PM,KIROGI,32.6,157.2,40
8/8/2012 6:00:00 PM,KIROGI,33.4,156.1,40
8/9/2012 12:00:00 AM,KIROGI,34.4,155,40
8/9/2012 6:00:00 AM,KIROGI,36,154.1,50
8/9/2012 12:00:00 PM,KIROGI,37.6,153,45
8/9/2012 6:00:00 PM,KIROGI,39.3,151.5,45
8/10/2012 12:00:00 AM,KIROGI,41.2,149.9,45
8/10/2012 6:00:00 AM,KIROGI,43.7,148.3,0
8/10/2012 12:00:00 PM,KIROGI,45.7,147.3,0
8/10/2012 6:00:00 PM,KIROGI,48.6,147.2,0
8/11/2012 12:00:00 AM,KIROGI,50.4,146.9,0
8/11/2012 6:00:00 AM,KIROGI,53.7,146.9,0
8/11/2012 12:00:00 PM,KIROGI,55.5,146.9,0
8/11/2012 6:00:00 PM,KIROGI,57.8,148.1,0
8/12/2012 12:00:00 AM,KIROGI,59,147.9,0
8/12/2012 6:00:00 AM,KIROGI,61.2,148.2,0
7/14/2012 6:00:00 PM,KHANUN,19.3,143.5,0
7/15/2012 12:00:00 AM,KHANUN,19.1,143.1,0
7/15/2012 6:00:00 AM,KHANUN,19.8,143,0
7/15/2012 12:00:00 PM,KHANUN,20.4,140.7,0
7/15/2012 6:00:00 PM,KHANUN,21.7,140,0
7/16/2012 12:00:00 AM,KHANUN,22.6,138,0
7/16/2012 6:00:00 AM,KHANUN,24.1,136.2,35
7/16/2012 12:00:00 PM,KHANUN,24.8,134.6,35
7/16/2012 3:00:00 PM,KHANUN,25.3,133.8,35
7/16/2012 6:00:00 PM,KHANUN,25.6,132.8,40
7/16/2012 9:00:00 PM,KHANUN,25.7,132.1,40
7/17/2012 12:00:00 AM,KHANUN,26.1,131.1,40
7/17/2012 3:00:00 AM,KHANUN,26.3,130.4,45
7/17/2012 6:00:00 AM,KHANUN,26.8,129.6,45
7/17/2012 9:00:00 AM,KHANUN,27.3,129.1,45
7/17/2012 12:00:00 PM,KHANUN,27.8,128.3,45
7/17/2012 3:00:00 PM,KHANUN,28.4,127.8,45
7/17/2012 6:00:00 PM,KHANUN,28.7,127.5,50
7/18/2012 12:00:00 AM,KHANUN,29.8,126.7,50
7/18/2012 6:00:00 AM,KHANUN,31.9,126.2,45
7/18/2012 12:00:00 PM,KHANUN,33.7,126.3,40
7/18/2012 6:00:00 PM,KHANUN,35.8,126.5,35
7/19/2012 12:00:00 AM,KHANUN,38,128,0
7/19/2012 6:00:00 AM,KHANUN,39.5,127.8,0
7/19/2012 12:00:00 PM,KHANUN,39.8,128.1,0
7/19/2012 6:00:00 PM,KHANUN,40.3,128.4,0
7/20/2012 12:00:00 AM,KHANUN,40.4,129.3,0
8/12/2012 12:00:00 AM,KAI-TAK,16.8,132,0
8/12/2012 6:00:00 AM,KAI-TAK,16.8,130.9,0
8/12/2012 12:00:00 PM,KAI-TAK,16.8,130.1,0
8/12/2012 6:00:00 PM,KAI-TAK,16.8,129.4,0
8/13/2012 12:00:00 AM,KAI-TAK,16.6,128.2,35
8/13/2012 6:00:00 AM,KAI-TAK,16.5,127,35
8/13/2012 12:00:00 PM,KAI-TAK,16.6,126.5,40
8/13/2012 6:00:00 PM,KAI-TAK,16.8,125.9,40
8/14/2012 12:00:00 AM,KAI-TAK,17,125.2,40
8/14/2012 6:00:00 AM,KAI-TAK,17,124.4,40
8/14/2012 12:00:00 PM,KAI-TAK,17.2,123.8,40
8/14/2012 6:00:00 PM,KAI-TAK,17.5,123.4,40
8/15/2012 12:00:00 AM,KAI-TAK,18,122.7,40
8/15/2012 6:00:00 AM,KAI-TAK,18.7,120.9,45
8/15/2012 12:00:00 PM,KAI-TAK,18.8,119.5,50
8/15/2012 6:00:00 PM,KAI-TAK,18.8,118.2,60
8/16/2012 12:00:00 AM,KAI-TAK,19,117.1,60
8/16/2012 6:00:00 AM,KAI-TAK,19.3,115.7,60
8/16/2012 12:00:00 PM,KAI-TAK,19.5,114.3,65
8/16/2012 6:00:00 PM,KAI-TAK,20.1,112.7,65
8/17/2012 12:00:00 AM,KAI-TAK,20.8,111.3,65
8/17/2012 6:00:00 AM,KAI-TAK,21.2,109.7,60
8/17/2012 12:00:00 PM,KAI-TAK,21,107.8,60
8/17/2012 6:00:00 PM,KAI-TAK,21.5,106.8,50
8/18/2012 12:00:00 AM,KAI-TAK,21.8,105.1,40
8/18/2012 6:00:00 AM,KAI-TAK,22.6,103.2,0
8/18/2012 12:00:00 PM,KAI-TAK,23.2,101.8,0
9/20/2012 12:00:00 AM,JELAWAT,13.7,134.8,0
9/20/2012 6:00:00 AM,JELAWAT,13.8,133.4,0
9/20/2012 12:00:00 PM,JELAWAT,13.5,132,0
9/20/2012 6:00:00 PM,JELAWAT,13.3,131.5,35
9/21/2012 12:00:00 AM,JELAWAT,13.1,130.9,45
9/21/2012 6:00:00 AM,JELAWAT,12.5,130.4,45
9/21/2012 12:00:00 PM,JELAWAT,12.3,130.3,45
9/21/2012 6:00:00 PM,JELAWAT,11.9,130.1,45
9/22/2012 12:00:00 AM,JELAWAT,11.7,130,50
9/22/2012 6:00:00 AM,JELAWAT,11.7,129.8,50
9/22/2012 12:00:00 PM,JELAWAT,11.7,129.6,55
9/22/2012 6:00:00 PM,JELAWAT,11.7,129.3,60
9/23/2012 12:00:00 AM,JELAWAT,11.8,128.9,70
9/23/2012 6:00:00 AM,JELAWAT,12.1,128.9,85
9/23/2012 12:00:00 PM,JELAWAT,12.7,128.7,100
9/23/2012 6:00:00 PM,JELAWAT,13,128.6,100
9/24/2012 12:00:00 AM,JELAWAT,13.6,128.5,100
9/24/2012 6:00:00 AM,JELAWAT,14.2,128.2,100
9/24/2012 12:00:00 PM,JELAWAT,14.6,128.1,105
9/24/2012 6:00:00 PM,JELAWAT,15.2,127.9,110
9/25/2012 12:00:00 AM,JELAWAT,15.7,127.8,110
9/25/2012 6:00:00 AM,JELAWAT,16.4,127.5,110
9/25/2012 12:00:00 PM,JELAWAT,16.8,127.1,110
9/25/2012 6:00:00 PM,JELAWAT,17.1,126.8,110
9/26/2012 12:00:00 AM,JELAWAT,17.4,126.5,110
9/26/2012 6:00:00 AM,JELAWAT,18,126.1,110
9/26/2012 12:00:00 PM,JELAWAT,18.4,125.9,110
9/26/2012 6:00:00 PM,JELAWAT,19.1,125.4,105
9/27/2012 12:00:00 AM,JELAWAT,19.6,124.8,100
9/27/2012 6:00:00 AM,JELAWAT,20.2,124.4,100
9/27/2012 12:00:00 PM,JELAWAT,20.9,124.1,100
9/27/2012 6:00:00 PM,JELAWAT,21.6,123.9,100
9/27/2012 9:00:00 PM,JELAWAT,22,124,100
9/28/2012 12:00:00 AM,JELAWAT,22.4,124.1,100
9/28/2012 3:00:00 AM,JELAWAT,22.9,124.2,100
9/28/2012 6:00:00 AM,JELAWAT,23.4,124.4,95
9/28/2012 9:00:00 AM,JELAWAT,23.9,124.8,95
9/28/2012 12:00:00 PM,JELAWAT,24.2,125.1,90
9/28/2012 3:00:00 PM,JELAWAT,24.6,125.6,90
9/28/2012 6:00:00 PM,JELAWAT,25,126,90
9/28/2012 9:00:00 PM,JELAWAT,25.5,126.6,90
9/29/2012 12:00:00 AM,JELAWAT,26,127.2,90
9/29/2012 3:00:00 AM,JELAWAT,26.6,127.7,90
9/29/2012 6:00:00 AM,JELAWAT,26.9,128.5,90
9/29/2012 9:00:00 AM,JELAWAT,27.5,129.4,90
9/29/2012 12:00:00 PM,JELAWAT,27.9,130.3,90
9/29/2012 3:00:00 PM,JELAWAT,28.6,131.2,85
9/29/2012 6:00:00 PM,JELAWAT,29.3,132.4,85
9/29/2012 9:00:00 PM,JELAWAT,30.2,133.5,85
9/30/2012 12:00:00 AM,JELAWAT,31.5,134.2,80
9/30/2012 3:00:00 AM,JELAWAT,32.5,134.7,80
9/30/2012 6:00:00 AM,JELAWAT,33.5,135.7,70
9/30/2012 8:00:00 AM,JELAWAT,34.1,136.6,70
9/30/2012 9:00:00 AM,JELAWAT,34.4,137,70
9/30/2012 10:00:00 AM,JELAWAT,34.8,137.4,70
9/30/2012 12:00:00 PM,JELAWAT,35.7,138.3,65
9/30/2012 3:00:00 PM,JELAWAT,37,139.5,65
9/30/2012 6:00:00 PM,JELAWAT,39.1,141,55
9/30/2012 9:00:00 PM,JELAWAT,40.6,143.1,55
10/1/2012 12:00:00 AM,JELAWAT,41.9,144.4,50
10/1/2012 3:00:00 AM,JELAWAT,42.7,147.1,50
10/1/2012 6:00:00 AM,JELAWAT,44,149,45
10/1/2012 12:00:00 PM,JELAWAT,46,155,0
10/1/2012 6:00:00 PM,JELAWAT,47.1,160.7,0
10/2/2012 12:00:00 AM,JELAWAT,47.8,165.7,0
10/2/2012 6:00:00 AM,JELAWAT,48,170.7,0
10/2/2012 12:00:00 PM,JELAWAT,48.2,175.5,0
10/2/2012 6:00:00 PM,JELAWAT,48.6,179.8,0
8/1/2012 12:00:00 PM,HAIKUI,22.4,146.5,0
8/1/2012 6:00:00 PM,HAIKUI,22.4,146,0
8/2/2012 12:00:00 AM,HAIKUI,22.4,145.4,0
8/2/2012 6:00:00 AM,HAIKUI,22.4,144,0
8/2/2012 12:00:00 PM,HAIKUI,22.4,143.2,0
8/2/2012 6:00:00 PM,HAIKUI,22.6,141.9,0
8/3/2012 12:00:00 AM,HAIKUI,22.9,141.3,35
8/3/2012 6:00:00 AM,HAIKUI,23.4,140,35
8/3/2012 12:00:00 PM,HAIKUI,24.4,138,35
8/3/2012 6:00:00 PM,HAIKUI,24.9,136.6,35
8/4/2012 12:00:00 AM,HAIKUI,24.8,134.3,35
8/4/2012 6:00:00 AM,HAIKUI,25.3,133,40
8/4/2012 9:00:00 AM,HAIKUI,26,132.1,40
8/4/2012 12:00:00 PM,HAIKUI,26.2,131.3,40
8/4/2012 3:00:00 PM,HAIKUI,26.3,130.7,40
8/4/2012 6:00:00 PM,HAIKUI,26.3,130.2,40
8/4/2012 9:00:00 PM,HAIKUI,26.6,129.8,45
8/5/2012 12:00:00 AM,HAIKUI,26.7,129.1,45
8/5/2012 3:00:00 AM,HAIKUI,26.9,128.8,45
8/5/2012 6:00:00 AM,HAIKUI,27.3,128.5,45
8/5/2012 9:00:00 AM,HAIKUI,27.5,127.9,45
8/5/2012 12:00:00 PM,HAIKUI,27.4,127.2,50
8/5/2012 3:00:00 PM,HAIKUI,27.1,126.9,50
8/5/2012 6:00:00 PM,HAIKUI,27.1,126.6,55
8/5/2012 9:00:00 PM,HAIKUI,27,126.2,55
8/6/2012 12:00:00 AM,HAIKUI,27.1,126.1,55
8/6/2012 3:00:00 AM,HAIKUI,27.2,125.8,55
8/6/2012 6:00:00 AM,HAIKUI,27.4,125.5,60
8/6/2012 9:00:00 AM,HAIKUI,27.4,125.2,60
8/6/2012 12:00:00 PM,HAIKUI,27.1,124.9,60
8/6/2012 6:00:00 PM,HAIKUI,26.9,124.6,60
8/7/2012 12:00:00 AM,HAIKUI,27.3,124.1,60
8/7/2012 6:00:00 AM,HAIKUI,27.7,123.5,60
8/7/2012 12:00:00 PM,HAIKUI,28.2,122.8,65
8/7/2012 6:00:00 PM,HAIKUI,28.8,122.3,65
8/8/2012 12:00:00 AM,HAIKUI,29.4,121.2,55
8/8/2012 6:00:00 AM,HAIKUI,30.1,120.3,45
8/8/2012 12:00:00 PM,HAIKUI,30.2,119.4,40
8/8/2012 6:00:00 PM,HAIKUI,30.5,118.6,35
8/9/2012 12:00:00 AM,HAIKUI,30.6,117.9,35
8/9/2012 6:00:00 AM,HAIKUI,30.8,117.6,35
8/9/2012 12:00:00 PM,HAIKUI,30.8,117.3,0
8/9/2012 6:00:00 PM,HAIKUI,30.7,117,0
8/10/2012 12:00:00 AM,HAIKUI,30.7,117,0
8/10/2012 6:00:00 AM,HAIKUI,30.2,116.9,0
8/10/2012 12:00:00 PM,HAIKUI,30,116.9,0
8/10/2012 6:00:00 PM,HAIKUI,29.9,117.1,0
8/11/2012 12:00:00 AM,HAIKUI,30,117.3,0
8/11/2012 6:00:00 AM,HAIKUI,30,117.3,0
6/10/2012 12:00:00 PM,GUCHOL,7.2,148.6,0
6/10/2012 6:00:00 PM,GUCHOL,8.8,148.2,0
6/11/2012 12:00:00 AM,GUCHOL,9,147.3,0
6/11/2012 6:00:00 AM,GUCHOL,9.1,146.4,0
6/11/2012 12:00:00 PM,GUCHOL,9.3,145.5,0
6/11/2012 6:00:00 PM,GUCHOL,9.4,144.6,0
6/12/2012 12:00:00 AM,GUCHOL,9.6,143.7,0
6/12/2012 6:00:00 AM,GUCHOL,9.5,143,0
6/12/2012 12:00:00 PM,GUCHOL,9.5,142.2,0
6/12/2012 6:00:00 PM,GUCHOL,9.4,141.5,0
6/13/2012 12:00:00 AM,GUCHOL,9.3,140.7,0
6/13/2012 6:00:00 AM,GUCHOL,10,139.3,0
6/13/2012 12:00:00 PM,GUCHOL,10.7,138,35
6/13/2012 6:00:00 PM,GUCHOL,10.8,136.6,45
6/14/2012 12:00:00 AM,GUCHOL,10.9,135.2,50
6/14/2012 6:00:00 AM,GUCHOL,10.7,134.1,50
6/14/2012 12:00:00 PM,GUCHOL,10.7,132.8,50
6/14/2012 6:00:00 PM,GUCHOL,10.4,132.2,55
6/15/2012 12:00:00 AM,GUCHOL,10.3,131.4,60
6/15/2012 6:00:00 AM,GUCHOL,10.4,131.2,60
6/15/2012 12:00:00 PM,GUCHOL,11.2,130.9,60
6/15/2012 6:00:00 PM,GUCHOL,11.9,130.5,60
6/16/2012 12:00:00 AM,GUCHOL,12.9,130.2,70
6/16/2012 6:00:00 AM,GUCHOL,14,129.6,85
6/16/2012 12:00:00 PM,GUCHOL,14.9,128.8,100
6/16/2012 6:00:00 PM,GUCHOL,16.2,128.4,100
6/17/2012 12:00:00 AM,GUCHOL,17.2,127.6,100
6/17/2012 6:00:00 AM,GUCHOL,18.3,127.3,100
6/17/2012 12:00:00 PM,GUCHOL,19.6,127,90
6/17/2012 6:00:00 PM,GUCHOL,20.8,127,85
6/18/2012 12:00:00 AM,GUCHOL,22.2,127.4,85
6/18/2012 3:00:00 AM,GUCHOL,23,127.6,85
6/18/2012 6:00:00 AM,GUCHOL,23.8,127.9,80
6/18/2012 9:00:00 AM,GUCHOL,24.6,128.2,80
6/18/2012 12:00:00 PM,GUCHOL,25.3,128.7,80
6/18/2012 3:00:00 PM,GUCHOL,26.2,129.4,80
6/18/2012 6:00:00 PM,GUCHOL,27.3,130,75
6/18/2012 9:00:00 PM,GUCHOL,28.6,130.9,75
6/19/2012 12:00:00 AM,GUCHOL,29.9,131.8,70
6/19/2012 3:00:00 AM,GUCHOL,30.8,133.1,70
6/19/2012 6:00:00 AM,GUCHOL,32.4,134.7,70
6/19/2012 8:00:00 AM,GUCHOL,33.4,135.5,70
6/19/2012 9:00:00 AM,GUCHOL,33.8,135.9,70
6/19/2012 11:00:00 AM,GUCHOL,34.7,137,65
6/19/2012 12:00:00 PM,GUCHOL,35.1,137.6,60
6/19/2012 3:00:00 PM,GUCHOL,36.2,139,55
6/19/2012 6:00:00 PM,GUCHOL,37.3,140.7,50
6/19/2012 9:00:00 PM,GUCHOL,37.9,142,50
6/20/2012 12:00:00 AM,GUCHOL,38,143,0
6/20/2012 6:00:00 AM,GUCHOL,39.5,144.2,0
6/20/2012 12:00:00 PM,GUCHOL,40.2,145.4,0
6/20/2012 6:00:00 PM,GUCHOL,40.9,145.4,0
6/21/2012 12:00:00 AM,GUCHOL,41.5,145.7,0
6/21/2012 6:00:00 AM,GUCHOL,42,146,0
6/21/2012 12:00:00 PM,GUCHOL,42.2,146.2,0
6/21/2012 6:00:00 PM,GUCHOL,42.3,146.4,0
6/22/2012 12:00:00 AM,GUCHOL,42.4,146.7,0
6/22/2012 6:00:00 AM,GUCHOL,42.7,146.9,0
9/29/2012 12:00:00 AM,GAEMI,13,112.4,0
9/29/2012 6:00:00 AM,GAEMI,13.3,112.7,0
9/29/2012 12:00:00 PM,GAEMI,13.5,113.1,0
9/29/2012 6:00:00 PM,GAEMI,13.8,113.3,0
9/30/2012 12:00:00 AM,GAEMI,14.2,113.5,0
9/30/2012 6:00:00 AM,GAEMI,14.8,113.5,0
9/30/2012 12:00:00 PM,GAEMI,15.3,113.5,0
9/30/2012 6:00:00 PM,GAEMI,15.7,113.9,0
10/1/2012 12:00:00 AM,GAEMI,16.3,114.7,0
10/1/2012 6:00:00 AM,GAEMI,17.1,115,0
10/1/2012 12:00:00 PM,GAEMI,17.2,115,35
10/1/2012 6:00:00 PM,GAEMI,16.9,115,35
10/2/2012 12:00:00 AM,GAEMI,16.5,115.4,35
10/2/2012 6:00:00 AM,GAEMI,16,115.8,35
10/2/2012 12:00:00 PM,GAEMI,15.6,116.4,35
10/2/2012 6:00:00 PM,GAEMI,15.4,116.8,40
10/3/2012 12:00:00 AM,GAEMI,15.4,117.2,45
10/3/2012 6:00:00 AM,GAEMI,15.3,117.7,50
10/3/2012 12:00:00 PM,GAEMI,15.3,118,50
10/3/2012 6:00:00 PM,GAEMI,15.2,118.2,45
10/4/2012 12:00:00 AM,GAEMI,15,118.3,45
10/4/2012 6:00:00 AM,GAEMI,14.9,118.2,45
10/4/2012 12:00:00 PM,GAEMI,14.6,118,40
10/4/2012 6:00:00 PM,GAEMI,14.4,117.4,40
10/5/2012 12:00:00 AM,GAEMI,14.5,116.6,40
10/5/2012 6:00:00 AM,GAEMI,14.6,115.8,35
10/5/2012 12:00:00 PM,GAEMI,14.4,114.6,35
10/5/2012 6:00:00 PM,GAEMI,13.9,113,35
10/6/2012 12:00:00 AM,GAEMI,13.2,111.5,35
10/6/2012 6:00:00 AM,GAEMI,13.1,110.2,35
10/6/2012 12:00:00 PM,GAEMI,13.1,108.8,0
10/6/2012 6:00:00 PM,GAEMI,13,107.6,0
10/7/2012 12:00:00 AM,GAEMI,12.6,106.2,0
10/7/2012 6:00:00 AM,GAEMI,12.6,105.2,0
10/7/2012 12:00:00 PM,GAEMI,12.9,104,0
9/23/2012 6:00:00 AM,EWINIAR,15.6,140.5,0
9/23/2012 12:00:00 PM,EWINIAR,16.7,140.3,0
9/23/2012 6:00:00 PM,EWINIAR,17.6,139.8,0
9/24/2012 12:00:00 AM,EWINIAR,18.5,139.1,0
9/24/2012 6:00:00 AM,EWINIAR,19.4,138.8,0
9/24/2012 12:00:00 PM,EWINIAR,20.3,138.5,35
9/24/2012 6:00:00 PM,EWINIAR,21.2,138.4,35
9/25/2012 12:00:00 AM,EWINIAR,21.9,138.4,40
9/25/2012 6:00:00 AM,EWINIAR,22.7,138.5,40
9/25/2012 12:00:00 PM,EWINIAR,23.1,139,40
9/25/2012 6:00:00 PM,EWINIAR,24.3,140.5,45
9/26/2012 12:00:00 AM,EWINIAR,25.3,141.3,45
9/26/2012 3:00:00 AM,EWINIAR,25.7,141.4,45
9/26/2012 6:00:00 AM,EWINIAR,26.3,142.4,50
9/26/2012 9:00:00 AM,EWINIAR,27.1,142.6,50
9/26/2012 12:00:00 PM,EWINIAR,28.1,142.6,50
9/26/2012 6:00:00 PM,EWINIAR,29.1,142.5,50
9/27/2012 12:00:00 AM,EWINIAR,30.4,142.2,50
9/27/2012 6:00:00 AM,EWINIAR,31.2,142.1,50
9/27/2012 12:00:00 PM,EWINIAR,31.6,141.6,50
9/27/2012 6:00:00 PM,EWINIAR,31.4,141.7,50
9/28/2012 12:00:00 AM,EWINIAR,31.5,142.4,50
9/28/2012 6:00:00 AM,EWINIAR,31.9,143.1,50
9/28/2012 12:00:00 PM,EWINIAR,32.6,144.2,50
9/28/2012 6:00:00 PM,EWINIAR,33.5,145,50
9/29/2012 12:00:00 AM,EWINIAR,34.5,145.8,45
9/29/2012 6:00:00 AM,EWINIAR,36.5,147.3,45
9/29/2012 12:00:00 PM,EWINIAR,37.8,149.1,45
9/29/2012 6:00:00 PM,EWINIAR,39.2,151.1,40
9/30/2012 12:00:00 AM,EWINIAR,40.8,154.1,0
9/30/2012 6:00:00 AM,EWINIAR,41.5,158.2,0
9/30/2012 12:00:00 PM,EWINIAR,42.3,162,0
9/30/2012 6:00:00 PM,EWINIAR,43,167.2,0
6/25/2012 12:00:00 AM,DOKSURI,11.2,135.3,0
6/25/2012 6:00:00 AM,DOKSURI,11.5,134.3,0
6/25/2012 12:00:00 PM,DOKSURI,12.3,134,0
6/25/2012 6:00:00 PM,DOKSURI,13.3,133.6,0
6/26/2012 12:00:00 AM,DOKSURI,14.2,133,0
6/26/2012 6:00:00 AM,DOKSURI,14.5,131.8,0
6/26/2012 12:00:00 PM,DOKSURI,15.1,130.4,0
6/26/2012 6:00:00 PM,DOKSURI,15.3,128.9,35
6/27/2012 12:00:00 AM,DOKSURI,15.4,127.7,35
6/27/2012 6:00:00 AM,DOKSURI,15.7,126.4,35
6/27/2012 12:00:00 PM,DOKSURI,16.2,125.1,35
6/27/2012 6:00:00 PM,DOKSURI,16.9,123.9,35
6/28/2012 12:00:00 AM,DOKSURI,18,123.4,35
6/28/2012 6:00:00 AM,DOKSURI,19.5,123.1,40
6/28/2012 12:00:00 PM,DOKSURI,19.8,121.1,40
6/28/2012 6:00:00 PM,DOKSURI,20,119.5,40
6/29/2012 12:00:00 AM,DOKSURI,20.8,117.7,40
6/29/2012 6:00:00 AM,DOKSURI,21,116,40
6/29/2012 12:00:00 PM,DOKSURI,21.2,114.9,40
6/29/2012 6:00:00 PM,DOKSURI,21.8,113.6,35
6/30/2012 12:00:00 AM,DOKSURI,22.3,112,0
6/30/2012 6:00:00 AM,DOKSURI,22.9,110.2,0
7/27/2012 6:00:00 AM,DAMREY,24.7,148.8,0
7/27/2012 12:00:00 PM,DAMREY,25.2,148.3,0
7/27/2012 6:00:00 PM,DAMREY,25.6,147.9,0
7/28/2012 12:00:00 AM,DAMREY,25.9,147.4,0
7/28/2012 6:00:00 AM,DAMREY,26,147.2,0
7/28/2012 12:00:00 PM,DAMREY,26,147.1,35
7/28/2012 6:00:00 PM,DAMREY,26,146.8,35
7/29/2012 12:00:00 AM,DAMREY,26.1,146.4,40
7/29/2012 6:00:00 AM,DAMREY,25.9,146,40
7/29/2012 12:00:00 PM,DAMREY,25.5,145.8,40
7/29/2012 6:00:00 PM,DAMREY,25.4,145.5,40
7/30/2012 12:00:00 AM,DAMREY,25.4,145,40
7/30/2012 6:00:00 AM,DAMREY,25.4,144.7,40
7/30/2012 12:00:00 PM,DAMREY,26.5,144.2,40
7/30/2012 3:00:00 PM,DAMREY,27.1,143.5,45
7/30/2012 6:00:00 PM,DAMREY,27.7,142.8,55
7/30/2012 9:00:00 PM,DAMREY,28,141.7,50
7/31/2012 12:00:00 AM,DAMREY,28.3,141,50
7/31/2012 6:00:00 AM,DAMREY,28.6,138.9,50
7/31/2012 12:00:00 PM,DAMREY,28.9,137.2,50
7/31/2012 6:00:00 PM,DAMREY,29.3,135.1,50
7/31/2012 9:00:00 PM,DAMREY,29.8,134,55
8/1/2012 12:00:00 AM,DAMREY,30,132.7,55
8/1/2012 3:00:00 AM,DAMREY,30.3,131.4,55
8/1/2012 6:00:00 AM,DAMREY,30.4,130.5,55
8/1/2012 9:00:00 AM,DAMREY,30.5,129.8,55
8/1/2012 12:00:00 PM,DAMREY,30.8,128.7,55
8/1/2012 6:00:00 PM,DAMREY,31.7,126.7,55
8/2/2012 12:00:00 AM,DAMREY,32.8,124.3,65
8/2/2012 6:00:00 AM,DAMREY,33.8,122.2,70
8/2/2012 12:00:00 PM,DAMREY,34.4,120.4,65
8/2/2012 6:00:00 PM,DAMREY,34.9,119.4,60
8/3/2012 12:00:00 AM,DAMREY,35.6,118.2,45
8/3/2012 6:00:00 AM,DAMREY,37,118,35
8/3/2012 12:00:00 PM,DAMREY,37.6,118.2,0
8/3/2012 6:00:00 PM,DAMREY,38.8,118.9,0
8/4/2012 12:00:00 AM,DAMREY,39.6,119.5,0
11/25/2012 6:00:00 PM,BOPHA,3.4,156.9,0
11/26/2012 12:00:00 AM,BOPHA,3.7,156.7,0
11/26/2012 6:00:00 AM,BOPHA,3.9,156.6,0
11/26/2012 12:00:00 PM,BOPHA,4,156.4,0
11/26/2012 6:00:00 PM,BOPHA,4.1,156.3,35
11/27/2012 12:00:00 AM,BOPHA,4.3,156.2,35
11/27/2012 6:00:00 AM,BOPHA,4.4,155.8,35
11/27/2012 12:00:00 PM,BOPHA,4.4,155.5,35
11/27/2012 6:00:00 PM,BOPHA,4.6,155.1,40
11/28/2012 12:00:00 AM,BOPHA,4.7,154.3,40
11/28/2012 6:00:00 AM,BOPHA,4.8,153.1,40
11/28/2012 12:00:00 PM,BOPHA,4.6,151.7,40
11/28/2012 6:00:00 PM,BOPHA,4.2,150.8,45
11/29/2012 12:00:00 AM,BOPHA,4,150,45
11/29/2012 6:00:00 AM,BOPHA,3.8,149.2,45
11/29/2012 12:00:00 PM,BOPHA,3.4,148,45
11/29/2012 6:00:00 PM,BOPHA,3.4,147.1,45
11/30/2012 12:00:00 AM,BOPHA,3.6,146.3,50
11/30/2012 6:00:00 AM,BOPHA,3.9,145.3,60
11/30/2012 12:00:00 PM,BOPHA,4.2,144.2,65
11/30/2012 6:00:00 PM,BOPHA,4.4,142.9,75
12/1/2012 12:00:00 AM,BOPHA,4.7,142.1,90
12/1/2012 6:00:00 AM,BOPHA,5.1,141.1,90
12/1/2012 12:00:00 PM,BOPHA,5.4,140,90
12/1/2012 6:00:00 PM,BOPHA,5.8,138.8,95
12/2/2012 12:00:00 AM,BOPHA,6.2,137.7,100
12/2/2012 6:00:00 AM,BOPHA,6.4,136,100
12/2/2012 12:00:00 PM,BOPHA,6.4,134.6,100
12/2/2012 6:00:00 PM,BOPHA,6.5,133.3,90
12/3/2012 12:00:00 AM,BOPHA,6.8,131.8,90
12/3/2012 6:00:00 AM,BOPHA,7,130.4,100
12/3/2012 12:00:00 PM,BOPHA,7.4,128.9,100
12/3/2012 6:00:00 PM,BOPHA,7.6,127.3,100
12/4/2012 12:00:00 AM,BOPHA,7.9,125.9,85
12/4/2012 6:00:00 AM,BOPHA,8.7,124.1,70
12/4/2012 12:00:00 PM,BOPHA,9.2,122.4,65
12/4/2012 6:00:00 PM,BOPHA,9.8,120.6,65
12/5/2012 12:00:00 AM,BOPHA,9.8,119.8,65
12/5/2012 6:00:00 AM,BOPHA,10.6,118.8,65
12/5/2012 12:00:00 PM,BOPHA,11.2,118.2,65
12/5/2012 6:00:00 PM,BOPHA,11.5,117.7,65
12/6/2012 12:00:00 AM,BOPHA,12,117,65
12/6/2012 6:00:00 AM,BOPHA,12.4,116.6,65
12/6/2012 12:00:00 PM,BOPHA,12.8,116.3,65
12/6/2012 6:00:00 PM,BOPHA,13.2,115.8,60
12/7/2012 12:00:00 AM,BOPHA,13.7,115.6,70
12/7/2012 6:00:00 AM,BOPHA,14.6,115.9,80
12/7/2012 12:00:00 PM,BOPHA,15.4,116,90
12/7/2012 6:00:00 PM,BOPHA,16.1,116.2,90
12/8/2012 12:00:00 AM,BOPHA,16.8,116.9,85
12/8/2012 6:00:00 AM,BOPHA,17.5,117.9,80
12/8/2012 12:00:00 PM,BOPHA,17.9,118.6,65
12/8/2012 6:00:00 PM,BOPHA,18.1,119,40
12/9/2012 12:00:00 AM,BOPHA,18.1,119.2,35
12/9/2012 6:00:00 AM,BOPHA,17.8,119.5,0
8/19/2012 6:00:00 AM,BOLAVEN,14.1,142.1,0
8/19/2012 12:00:00 PM,BOLAVEN,14.8,142.1,0
8/19/2012 6:00:00 PM,BOLAVEN,16.1,142,0
8/20/2012 12:00:00 AM,BOLAVEN,16.8,141.9,0
8/20/2012 6:00:00 AM,BOLAVEN,17.4,141.4,35
8/20/2012 12:00:00 PM,BOLAVEN,17.9,141.3,40
8/20/2012 6:00:00 PM,BOLAVEN,18.1,141.2,45
8/21/2012 12:00:00 AM,BOLAVEN,18.2,140.8,50
8/21/2012 6:00:00 AM,BOLAVEN,18.4,140.5,50
8/21/2012 12:00:00 PM,BOLAVEN,18.9,140.2,65
8/21/2012 6:00:00 PM,BOLAVEN,19.1,139.5,70
8/22/2012 12:00:00 AM,BOLAVEN,19.2,138.8,70
8/22/2012 6:00:00 AM,BOLAVEN,19.3,138,70
8/22/2012 12:00:00 PM,BOLAVEN,19.5,137.5,70
8/22/2012 6:00:00 PM,BOLAVEN,19.5,136.5,70
8/23/2012 12:00:00 AM,BOLAVEN,19.7,135.9,70
8/23/2012 6:00:00 AM,BOLAVEN,20,135.3,75
8/23/2012 12:00:00 PM,BOLAVEN,20.2,134.6,75
8/23/2012 6:00:00 PM,BOLAVEN,20.4,134.1,75
8/24/2012 12:00:00 AM,BOLAVEN,21.1,133.8,75
8/24/2012 6:00:00 AM,BOLAVEN,21.7,133.2,75
8/24/2012 12:00:00 PM,BOLAVEN,22.2,133,80
8/24/2012 6:00:00 PM,BOLAVEN,22.9,132.7,80
8/25/2012 12:00:00 AM,BOLAVEN,23.5,132.1,85
8/25/2012 3:00:00 AM,BOLAVEN,23.8,131.8,85
8/25/2012 6:00:00 AM,BOLAVEN,24.2,131.3,90
8/25/2012 9:00:00 AM,BOLAVEN,24.3,130.9,95
8/25/2012 12:00:00 PM,BOLAVEN,24.3,130.7,100
8/25/2012 3:00:00 PM,BOLAVEN,24.5,130.4,95
8/25/2012 6:00:00 PM,BOLAVEN,24.7,130.2,95
8/25/2012 9:00:00 PM,BOLAVEN,25,129.8,95
8/26/2012 12:00:00 AM,BOLAVEN,25.3,129.5,90
8/26/2012 3:00:00 AM,BOLAVEN,25.6,129.2,90
8/26/2012 6:00:00 AM,BOLAVEN,25.9,129,90
8/26/2012 9:00:00 AM,BOLAVEN,26.4,128.6,90
8/26/2012 12:00:00 PM,BOLAVEN,26.6,128,85
8/26/2012 3:00:00 PM,BOLAVEN,26.9,127.8,85
8/26/2012 6:00:00 PM,BOLAVEN,27.5,127.4,80
8/26/2012 9:00:00 PM,BOLAVEN,27.9,127.1,75
8/27/2012 12:00:00 AM,BOLAVEN,28.4,126.9,70
8/27/2012 3:00:00 AM,BOLAVEN,29.1,126.3,70
8/27/2012 6:00:00 AM,BOLAVEN,29.9,126,65
8/27/2012 12:00:00 PM,BOLAVEN,31.3,125.6,65
8/27/2012 6:00:00 PM,BOLAVEN,33,125.5,65
8/28/2012 12:00:00 AM,BOLAVEN,34.8,125.1,65
8/28/2012 6:00:00 AM,BOLAVEN,36.6,124.8,60
8/28/2012 12:00:00 PM,BOLAVEN,38.7,124.5,55
8/28/2012 6:00:00 PM,BOLAVEN,41.6,125.8,45
8/29/2012 12:00:00 AM,BOLAVEN,44.3,128.3,45
8/29/2012 6:00:00 AM,BOLAVEN,46,130,0
8/29/2012 12:00:00 PM,BOLAVEN,47.7,132.4,0
8/29/2012 6:00:00 PM,BOLAVEN,50,134.4,0
8/30/2012 12:00:00 AM,BOLAVEN,51.9,139.7,0
8/30/2012 6:00:00 AM,BOLAVEN,52.6,141.6,0
8/30/2012 12:00:00 PM,BOLAVEN,53.7,145.9,0
8/30/2012 6:00:00 PM,BOLAVEN,54.9,148,0
8/31/2012 12:00:00 AM,BOLAVEN,54.8,150.3,0
8/31/2012 6:00:00 AM,BOLAVEN,55,153.2,0
8/31/2012 12:00:00 PM,BOLAVEN,55.3,163.7,0
8/31/2012 6:00:00 PM,BOLAVEN,55,167.2,0
9/1/2012 12:00:00 AM,BOLAVEN,54.2,172.4,0
9/1/2012 6:00:00 AM,BOLAVEN,53.9,174.9,0
9/1/2012 12:00:00 PM,BOLAVEN,53.5,178.3,0
